1,Todd,Hamilton,thamilton0@oakley.com,Male,249.79.199.80
2,Benjamin,George,bgeorge1@washingtonpost.com,Male,142.90.77.124
3,Deborah,Wright,dwright2@histats.com,Female,218.241.219.88
4,Kathryn,Howard,khoward3@dot.gov,Female,215.88.227.91
5,Anne,Lawrence,alawrence4@craigslist.org,Female,80.86.178.28
6,Joseph,Garza,jgarza5@goodreads.com,Male,57.10.224.155
7,Christine,Ramirez,cramirez6@weather.com,Female,99.38.202.29
8,Fred,Turner,fturner7@canalblog.com,Male,10.96.118.5
9,Virginia,Wallace,vwallace8@bing.com,Female,157.248.223.73
10,Brenda,Frazier,bfrazier9@wiley.com,Female,5.15.228.95
11,Brandon,Martin,bmartina@shutterfly.com,Male,0.37.204.251
12,Sharon,Mendoza,smendozab@hostgator.com,Female,234.114.53.101
13,Martha,King,mkingc@google.com.br,Female,231.194.124.226
14,Larry,Holmes,lholmesd@umn.edu,Male,219.18.12.7
15,Andrew,Campbell,acampbelle@google.com,Male,46.105.183.190
16,Frank,Kennedy,fkennedyf@altervista.org,Male,54.46.168.9
17,Larry,Carr,lcarrg@t.co,Male,232.123.149.144
18,Mary,Romero,mromeroh@unesco.org,Female,116.188.23.1
19,Lisa,Elliott,lelliotti@yellowbook.com,Female,166.39.240.181
20,Eugene,Lawrence,elawrencej@vinaora.com,Male,84.85.92.215
21,Ruth,Simmons,rsimmonsk@usatoday.com,Female,86.185.105.87
22,Jonathan,Pierce,jpiercel@wix.com,Male,167.128.48.11
23,Andrea,Roberts,arobertsm@yellowbook.com,Female,243.212.1.54
24,Craig,Smith,csmithn@furl.net,Male,172.66.202.122
25,Anne,Bradley,abradleyo@de.vu,Female,44.51.172.30
26,Lillian,Peters,lpetersp@privacy.gov.au,Female,88.44.100.44
27,Kevin,Kim,kkimq@vk.com,Male,230.82.118.6
28,Kathleen,Simmons,ksimmonsr@theglobeandmail.com,Female,191.105.105.98
29,Christina,Kelley,ckelleys@google.ru,Female,148.124.68.194
30,Jeremy,Nguyen,jnguyent@nytimes.com,Male,50.32.110.76
31,Ernest,Daniels,edanielsu@flickr.com,Male,9.156.182.13
32,Harry,Stephens,hstephensv@theatlantic.com,Male,189.39.66.83
33,Ronald,Carpenter,rcarpenterw@imageshack.us,Male,237.129.189.130
34,Kimberly,Ward,kwardx@hp.com,Female,106.123.231.137
35,Susan,Mason,smasony@imgur.com,Female,17.185.113.253
36,Henry,Simmons,hsimmonsz@surveymonkey.com,Male,46.101.70.224
37,Paul,Thompson,pthompson10@sohu.com,Male,56.162.110.37
38,Teresa,Williams,twilliams11@redcross.org,Female,179.76.49.44
39,Rebecca,Gomez,rgomez12@spotify.com,Female,57.37.61.244
40,Roy,Mccoy,rmccoy13@google.com.au,Male,23.141.49.214
41,Paula,Watkins,pwatkins14@pagesperso-orange.fr,Female,240.52.246.120
42,Gerald,Daniels,gdaniels15@constantcontact.com,Male,72.181.22.233
43,Jerry,Adams,jadams16@4shared.com,Male,113.230.155.77
44,Kathryn,Diaz,kdiaz17@tmall.com,Female,183.239.8.241
45,Rachel,Mccoy,rmccoy18@kickstarter.com,Female,62.115.104.178
46,Ernest,Reid,ereid19@ustream.tv,Male,214.149.150.139
47,Harry,Bowman,hbowman1a@pagesperso-orange.fr,Male,46.140.201.104
48,Juan,Larson,jlarson1b@soundcloud.com,Male,30.239.167.255
49,Melissa,Owens,mowens1c@hexun.com,Female,185.221.226.129
50,Jonathan,Armstrong,jarmstrong1d@delicious.com,Male,58.91.5.150
51,Margaret,Wells,mwells1e@xing.com,Female,239.189.159.188
52,Cheryl,Sullivan,csullivan1f@blogger.com,Female,94.205.137.52
53,Laura,Gibson,lgibson1g@ox.ac.uk,Female,194.237.119.190
54,William,Collins,wcollins1h@tiny.cc,Male,125.175.42.170
55,William,Clark,wclark1i@theatlantic.com,Male,87.222.13.215
56,Evelyn,Jones,ejones1j@abc.net.au,Female,177.196.251.184
57,Patrick,Myers,pmyers1k@home.pl,Male,6.181.139.243
58,Sara,Wilson,swilson1l@google.com.br,Female,77.151.39.48
59,Paul,Washington,pwashington1m@webs.com,Male,190.229.95.243
60,Christine,Ross,cross1n@zimbio.com,Female,183.206.105.12
61,Julia,Morales,jmorales1o@123-reg.co.uk,Female,118.105.116.98
62,Carolyn,Holmes,cholmes1p@europa.eu,Female,205.249.48.242
63,Roger,Warren,rwarren1q@topsy.com,Male,109.125.228.1
64,Kelly,Lane,klane1r@who.int,Female,234.49.151.212
65,Alan,Powell,apowell1s@topsy.com,Male,210.10.19.90
66,Nicole,Dunn,ndunn1t@va.gov,Female,255.116.60.0
67,Michael,Lee,mlee1u@army.mil,Male,98.171.244.67
68,Sean,Murphy,smurphy1v@uiuc.edu,Male,147.3.92.197
69,William,Stone,wstone1w@nytimes.com,Male,148.142.5.184
70,Christine,Garza,cgarza1x@edublogs.org,Female,2.39.160.185
71,Ashley,Webb,awebb1y@ehow.com,Female,183.39.50.47
72,Christopher,Cooper,ccooper1z@nps.gov,Male,64.201.68.40
73,Amy,West,awest20@redcross.org,Female,92.22.152.77
74,Marilyn,Wallace,mwallace21@163.com,Female,246.114.233.199
75,Aaron,Williamson,awilliamson22@unesco.org,Male,53.1.169.37
76,Evelyn,Hamilton,ehamilton23@toplist.cz,Female,72.149.38.223
77,Evelyn,Washington,ewashington24@ameblo.jp,Female,202.166.116.57
78,Carol,Gordon,cgordon25@imgur.com,Female,173.23.99.168
79,Daniel,Dixon,ddixon26@meetup.com,Male,193.218.221.105
80,Wanda,Watson,wwatson27@shop-pro.jp,Female,92.172.55.146
81,Aaron,Gomez,agomez28@umich.edu,Male,192.21.61.33
82,Kevin,Rivera,krivera29@nih.gov,Male,215.246.167.241
83,Larry,Ramos,lramos2a@berkeley.edu,Male,39.49.149.87
84,Eric,Owens,eowens2b@sohu.com,Male,104.139.188.166
85,Marie,Bowman,mbowman2c@wikispaces.com,Female,57.145.226.157
86,Sean,Hayes,shayes2d@cpanel.net,Male,124.150.222.139
87,Lois,Cole,lcole2e@spotify.com,Female,27.121.137.72
88,Steve,Jackson,sjackson2f@theguardian.com,Male,254.92.242.200
89,Debra,Rice,drice2g@constantcontact.com,Female,196.126.192.91
90,Donald,Palmer,dpalmer2h@google.co.uk,Male,239.7.211.177
91,Mildred,Sims,msims2i@hibu.com,Female,78.251.5.34
92,Ashley,Harper,aharper2j@archive.org,Female,10.99.251.129
93,Bonnie,Ortiz,bortiz2k@hatena.ne.jp,Female,178.187.213.166
94,Carol,Ortiz,cortiz2l@163.com,Female,182.198.191.100
95,Theresa,Gilbert,tgilbert2m@apple.com,Female,103.153.35.145
96,Alan,Price,aprice2n@hao123.com,Male,41.235.156.63
97,Louise,Simpson,lsimpson2o@google.ca,Female,44.140.13.61
98,Albert,Gutierrez,agutierrez2p@cam.ac.uk,Male,241.159.78.193
99,Jason,Thomas,jthomas2q@springer.com,Male,3.194.170.146
100,Kathleen,Martin,kmartin2r@archive.org,Female,149.166.126.47
101,Walter,Vasquez,wvasquez2s@blogger.com,Male,136.141.216.214
102,Benjamin,Stone,bstone2t@4shared.com,Male,249.157.171.131
103,Nancy,Hunter,nhunter2u@huffingtonpost.com,Female,211.167.152.19
104,Joseph,Shaw,jshaw2v@lycos.com,Male,159.15.1.177
105,Patrick,Jordan,pjordan2w@engadget.com,Male,255.68.100.233
106,Craig,Alexander,calexander2x@house.gov,Male,15.182.97.169
107,Theresa,Vasquez,tvasquez2y@marketwatch.com,Female,142.57.236.232
108,Joyce,Scott,jscott2z@discuz.net,Female,255.93.241.125
109,Janice,Martinez,jmartinez30@newsvine.com,Female,232.160.112.104
110,Albert,Hanson,ahanson31@jigsy.com,Male,214.240.36.220
111,Jack,Fuller,jfuller32@unc.edu,Male,45.33.151.19
112,Sandra,Hudson,shudson33@samsung.com,Female,23.209.255.210
113,Michelle,Little,mlittle34@studiopress.com,Female,120.3.96.158
114,Lillian,Hicks,lhicks35@rambler.ru,Female,108.85.124.202
115,Heather,Hamilton,hhamilton36@answers.com,Female,129.242.48.155
116,Frank,Stephens,fstephens37@smugmug.com,Male,42.129.95.127
117,Jesse,Morris,jmorris38@chicagotribune.com,Male,130.249.232.63
118,Pamela,Simmons,psimmons39@imdb.com,Female,52.187.194.82
119,Norma,Meyer,nmeyer3a@ifeng.com,Female,6.131.4.33
120,Kenneth,Clark,kclark3b@unc.edu,Male,140.90.71.211
121,John,Fernandez,jfernandez3c@flavors.me,Male,75.211.107.102
122,Ernest,Fowler,efowler3d@tuttocitta.it,Male,246.81.143.8
123,Kathryn,Warren,kwarren3e@wiley.com,Female,154.73.16.163
124,Barbara,Burns,bburns3f@census.gov,Female,121.165.108.143
125,Peter,Adams,padams3g@godaddy.com,Male,193.174.16.50
126,Jeffrey,Stone,jstone3h@typepad.com,Male,22.232.139.2
127,Kathryn,Chavez,kchavez3i@techcrunch.com,Female,128.61.48.117
128,Daniel,Freeman,dfreeman3j@newsvine.com,Male,228.141.172.131
129,Gloria,Gonzales,ggonzales3k@ifeng.com,Female,39.0.214.225
130,Charles,Jenkins,cjenkins3l@unesco.org,Male,90.42.220.34
131,Richard,Knight,rknight3m@ustream.tv,Male,200.192.209.65
132,Margaret,Hanson,mhanson3n@edublogs.org,Female,188.118.179.231
133,Cynthia,Robertson,crobertson3o@imageshack.us,Female,120.126.165.68
134,Benjamin,Knight,bknight3p@last.fm,Male,194.211.40.52
135,Janet,Day,jday3q@nbcnews.com,Female,50.116.7.222
136,Norma,Kennedy,nkennedy3r@reference.com,Female,83.179.66.131
137,Helen,Harvey,hharvey3s@comsenz.com,Female,216.254.228.250
138,Steven,Price,sprice3t@wp.com,Male,80.17.128.64
139,Marilyn,Hanson,mhanson3u@bloomberg.com,Female,26.218.130.69
140,Chris,Perez,cperez3v@studiopress.com,Male,170.46.224.13
141,Martha,Stephens,mstephens3w@bloglovin.com,Female,43.132.69.10
142,Jason,Henderson,jhenderson3x@issuu.com,Male,75.183.161.191
143,Patrick,James,pjames3y@globo.com,Male,67.32.136.216
144,Benjamin,Little,blittle3z@who.int,Male,117.42.239.139
145,Phyllis,Moore,pmoore40@unicef.org,Female,118.115.179.156
146,Anthony,Nichols,anichols41@moonfruit.com,Male,72.160.176.6
147,Earl,Cox,ecox42@fotki.com,Male,29.85.184.176
148,Tammy,Perez,tperez43@moonfruit.com,Female,112.39.239.164
149,Eric,Howard,ehoward44@moonfruit.com,Male,170.75.194.139
150,Margaret,Romero,mromero45@weebly.com,Female,172.88.27.0
151,Pamela,Pierce,ppierce46@chron.com,Female,50.213.44.149
152,Rachel,Armstrong,rarmstrong47@redcross.org,Female,193.183.199.102
153,Maria,Kim,mkim48@cpanel.net,Female,155.42.19.131
154,Amanda,Johnston,ajohnston49@abc.net.au,Female,33.118.167.233
155,Janet,Sanders,jsanders4a@amazon.de,Female,42.229.107.177
156,Cynthia,Gibson,cgibson4b@desdev.cn,Female,55.178.171.92
157,Ronald,Johnston,rjohnston4c@house.gov,Male,172.32.149.241
158,Matthew,Berry,mberry4d@abc.net.au,Male,200.157.195.173
159,Sean,Berry,sberry4e@gravatar.com,Male,94.54.87.90
160,Brenda,Jacobs,bjacobs4f@smugmug.com,Female,178.167.39.1
161,Billy,Gomez,bgomez4g@meetup.com,Male,178.36.243.199
162,Elizabeth,Fox,efox4h@ycombinator.com,Female,241.71.228.164
163,Steven,Rogers,srogers4i@prnewswire.com,Male,215.250.86.119
164,Daniel,Walker,dwalker4j@unblog.fr,Male,40.243.158.143
165,Henry,Henderson,hhenderson4k@furl.net,Male,242.147.47.226
166,Jose,Price,jprice4l@google.nl,Male,114.10.51.107
167,Phyllis,Oliver,poliver4m@360.cn,Female,57.62.241.116
168,Kimberly,Gonzales,kgonzales4n@live.com,Female,231.161.125.156
169,Judith,Lawrence,jlawrence4o@cloudflare.com,Female,190.244.126.163
170,Kenneth,Cooper,kcooper4p@blogtalkradio.com,Male,33.131.62.67
171,Jennifer,Webb,jwebb4q@hao123.com,Female,162.210.58.187
172,Catherine,Hernandez,chernandez4r@army.mil,Female,74.134.203.233
173,Sandra,Duncan,sduncan4s@com.com,Female,15.226.249.250
174,Kelly,Rogers,krogers4t@example.com,Female,152.9.209.77
175,Jason,Thompson,jthompson4u@twitpic.com,Male,78.106.58.165
176,Matthew,Snyder,msnyder4v@google.com,Male,64.143.253.185
177,Karen,Jackson,kjackson4w@cisco.com,Female,151.176.18.201
178,Jacqueline,Russell,jrussell4x@trellian.com,Female,206.172.119.247
179,Terry,Richards,trichards4y@ucoz.ru,Male,168.191.55.159
180,Anthony,Wallace,awallace4z@wikia.com,Male,83.165.4.182
181,Juan,Chavez,jchavez50@vimeo.com,Male,187.39.8.119
182,Douglas,Kelly,dkelly51@google.co.uk,Male,30.235.216.76
183,Jack,Gordon,jgordon52@wufoo.com,Male,46.156.223.111
184,Stephanie,Edwards,sedwards53@live.com,Female,245.180.200.184
185,Ralph,Hicks,rhicks54@mapquest.com,Male,7.191.68.204
186,Michael,Larson,mlarson55@noaa.gov,Male,30.154.111.7
187,Arthur,Reid,areid56@parallels.com,Male,233.145.181.160
188,Sharon,Long,slong57@ucoz.com,Female,79.33.239.148
189,Julie,Wheeler,jwheeler58@google.fr,Female,30.37.174.134
190,Debra,Oliver,doliver59@berkeley.edu,Female,55.134.240.226
191,Maria,Perkins,mperkins5a@lulu.com,Female,157.98.56.182
192,Jean,Watson,jwatson5b@163.com,Female,77.175.9.233
193,Janet,Jenkins,jjenkins5c@ezinearticles.com,Female,121.110.168.101
194,Heather,Peterson,hpeterson5d@pcworld.com,Female,49.8.220.241
195,Sandra,Coleman,scoleman5e@webmd.com,Female,53.227.139.65
196,Deborah,Chavez,dchavez5f@ft.com,Female,123.200.15.247
197,Patricia,Mendoza,pmendoza5g@nifty.com,Female,102.201.36.235
198,Jose,Sullivan,jsullivan5h@cnet.com,Male,30.26.193.95
199,Teresa,Gomez,tgomez5i@about.com,Female,34.147.20.151
200,Kevin,Perry,kperry5j@wsj.com,Male,123.71.118.225
201,Jimmy,Clark,jclark5k@adobe.com,Male,104.188.124.33
202,Mark,Schmidt,mschmidt5l@chronoengine.com,Male,157.201.148.192
203,Albert,Miller,amiller5m@opensource.org,Male,152.253.22.255
204,Brian,Dunn,bdunn5n@foxnews.com,Male,229.132.96.152
205,Lois,Chavez,lchavez5o@cornell.edu,Female,138.127.138.45
206,Barbara,Perez,bperez5p@japanpost.jp,Female,121.105.55.136
207,Charles,Wheeler,cwheeler5q@globo.com,Male,206.181.101.38
208,Benjamin,Simpson,bsimpson5r@netscape.com,Male,53.248.220.30
209,Paul,Wilson,pwilson5s@hostgator.com,Male,136.28.209.79
210,Katherine,Duncan,kduncan5t@xrea.com,Female,67.27.95.30
211,Scott,Jordan,sjordan5u@homestead.com,Male,254.126.133.47
212,Joe,Adams,jadams5v@a8.net,Male,150.238.85.159
213,Shirley,Reyes,sreyes5w@privacy.gov.au,Female,254.238.94.230
214,Judith,Nguyen,jnguyen5x@ca.gov,Female,84.188.56.229
215,Dorothy,Jordan,djordan5y@moonfruit.com,Female,252.143.120.44
216,Russell,Robinson,rrobinson5z@sciencedirect.com,Male,183.213.83.189
217,Julie,Romero,jromero60@pen.io,Female,113.2.235.243
218,Anthony,Chapman,achapman61@ox.ac.uk,Male,253.20.126.250
219,Eugene,Chapman,echapman62@aol.com,Male,129.254.28.233
220,Betty,Crawford,bcrawford63@rediff.com,Female,82.54.123.116
221,Philip,Walker,pwalker64@example.com,Male,101.71.139.49
222,Juan,Martinez,jmartinez65@pagesperso-orange.fr,Male,153.80.34.113
223,Christine,Alexander,calexander66@baidu.com,Female,20.161.104.142
224,Russell,Garza,rgarza67@biblegateway.com,Male,53.105.172.221
225,Thomas,Hunt,thunt68@list-manage.com,Male,240.234.34.123
226,Jacqueline,Watkins,jwatkins69@wisc.edu,Female,197.136.218.178
227,Christopher,Lee,clee6a@last.fm,Male,115.85.55.214
228,Dennis,Sims,dsims6b@nifty.com,Male,73.170.142.197
229,Anna,Mitchell,amitchell6c@amazon.de,Female,162.17.1.89
230,Frances,Berry,fberry6d@squidoo.com,Female,150.225.38.195
231,Melissa,Fuller,mfuller6e@hao123.com,Female,41.9.63.137
232,Jack,Gardner,jgardner6f@earthlink.net,Male,158.50.105.235
233,Joan,Richards,jrichards6g@redcross.org,Female,100.251.0.255
234,Andrew,Bennett,abennett6h@ameblo.jp,Male,20.239.70.143
235,Victor,Richards,vrichards6i@posterous.com,Male,227.221.3.209
236,Ronald,Grant,rgrant6j@sakura.ne.jp,Male,170.251.233.217
237,Debra,Anderson,danderson6k@dion.ne.jp,Female,252.188.232.124
238,Paula,James,pjames6l@4shared.com,Female,63.83.116.138
239,Judith,Mccoy,jmccoy6m@bigcartel.com,Female,132.5.120.57
240,Lillian,Knight,lknight6n@fema.gov,Female,152.206.158.245
241,Jennifer,Olson,jolson6o@t-online.de,Female,224.196.49.243
242,Sharon,Weaver,sweaver6p@smh.com.au,Female,225.181.31.50
243,Anna,Rivera,arivera6q@army.mil,Female,99.191.224.121
244,Gloria,Wood,gwood6r@blogtalkradio.com,Female,215.138.47.15
245,Joshua,Hernandez,jhernandez6s@who.int,Male,76.218.8.224
246,Juan,Arnold,jarnold6t@twitpic.com,Male,224.32.208.152
247,Earl,Crawford,ecrawford6u@answers.com,Male,223.248.62.189
248,Judy,Scott,jscott6v@sciencedirect.com,Female,212.167.76.123
249,Juan,Harvey,jharvey6w@ovh.net,Male,57.0.28.225
250,Pamela,Hughes,phughes6x@drupal.org,Female,47.163.194.42
251,Juan,Brown,jbrown6y@discovery.com,Male,235.52.51.21
252,Andrew,Nichols,anichols6z@bravesites.com,Male,50.170.158.254
253,Eric,Johnson,ejohnson70@printfriendly.com,Male,31.246.241.74
254,Deborah,Welch,dwelch71@i2i.jp,Female,182.5.36.196
255,Denise,Anderson,danderson72@addtoany.com,Female,186.166.33.123
256,Rachel,Collins,rcollins73@skype.com,Female,211.71.157.244
257,Carlos,Rodriguez,crodriguez74@bloglines.com,Male,166.194.78.158
258,Joseph,Tucker,jtucker75@zdnet.com,Male,82.19.64.55
259,Kelly,Matthews,kmatthews76@aboutads.info,Female,98.182.30.116
260,Christina,Gonzalez,cgonzalez77@tumblr.com,Female,252.31.212.90
261,Michael,Ellis,mellis78@behance.net,Male,139.5.124.153
262,Barbara,Mcdonald,bmcdonald79@yellowpages.com,Female,99.87.173.228
263,Andrea,Bishop,abishop7a@discuz.net,Female,215.185.236.107
264,Anna,Gray,agray7b@columbia.edu,Female,20.212.40.161
265,Kathy,Banks,kbanks7c@bloglovin.com,Female,21.105.61.23
266,Irene,Nguyen,inguyen7d@linkedin.com,Female,51.135.165.188
267,Laura,Cole,lcole7e@hostgator.com,Female,114.126.68.4
268,Kelly,Gardner,kgardner7f@facebook.com,Female,19.5.246.56
269,Joyce,Boyd,jboyd7g@unblog.fr,Female,64.207.154.115
270,Arthur,Young,ayoung7h@salon.com,Male,34.173.67.147
271,Eric,Chavez,echavez7i@examiner.com,Male,112.20.114.200
272,Andrew,Arnold,aarnold7j@msn.com,Male,227.183.100.18
273,Jane,Matthews,jmatthews7k@bloglovin.com,Female,15.203.168.201
274,Anna,Bennett,abennett7l@deliciousdays.com,Female,67.51.130.200
275,Linda,Ray,lray7m@webs.com,Female,195.25.161.176
276,Lori,Bradley,lbradley7n@plala.or.jp,Female,53.61.23.149
277,Sharon,Fernandez,sfernandez7o@harvard.edu,Female,241.62.43.157
278,Jeremy,Vasquez,jvasquez7p@tinypic.com,Male,253.84.146.54
279,Gerald,Knight,gknight7q@about.com,Male,132.246.46.217
280,Gloria,Marshall,gmarshall7r@weibo.com,Female,128.233.109.124
281,Pamela,Lane,plane7s@istockphoto.com,Female,209.140.116.66
282,Brenda,Fisher,bfisher7t@ask.com,Female,92.15.74.252
283,Jessica,Kennedy,jkennedy7u@tiny.cc,Female,2.149.128.76
284,Frances,Hicks,fhicks7v@ft.com,Female,189.183.132.246
285,Jean,Nelson,jnelson7w@mit.edu,Female,50.255.225.191
286,Justin,Castillo,jcastillo7x@typepad.com,Male,101.3.2.210
287,Sandra,Holmes,sholmes7y@reddit.com,Female,166.64.17.5
288,Laura,Lee,llee7z@craigslist.org,Female,140.1.232.239
289,Brian,Brown,bbrown80@quantcast.com,Male,229.215.158.167
290,Jimmy,Baker,jbaker81@bbb.org,Male,222.102.35.1
291,Bonnie,Russell,brussell82@plala.or.jp,Female,127.169.104.180
292,Lois,Rice,lrice83@blogspot.com,Female,103.163.149.11
293,Donald,Griffin,dgriffin84@weibo.com,Male,73.178.0.170
294,Ronald,Cruz,rcruz85@livejournal.com,Male,92.17.104.128
295,Christine,Carroll,ccarroll86@biblegateway.com,Female,13.167.120.5
296,Howard,Mitchell,hmitchell87@kickstarter.com,Male,174.41.143.128
297,Christine,Spencer,cspencer88@mac.com,Female,209.248.194.62
298,Steven,Patterson,spatterson89@phpbb.com,Male,3.239.5.251
299,Keith,Romero,kromero8a@weibo.com,Male,3.187.63.172
300,David,Wagner,dwagner8b@princeton.edu,Male,89.95.132.196
301,Lillian,Simmons,lsimmons8c@discovery.com,Female,32.76.80.31
302,Alice,Lynch,alynch8d@canalblog.com,Female,145.53.58.227
303,Gary,Lee,glee8e@histats.com,Male,167.57.107.41
304,Phillip,Simmons,psimmons8f@wordpress.org,Male,251.125.169.83
305,Ryan,Ruiz,rruiz8g@biglobe.ne.jp,Male,176.232.213.109
306,Ernest,Griffin,egriffin8h@e-recht24.de,Male,91.46.164.120
307,Kathy,Lopez,klopez8i@lycos.com,Female,44.84.232.232
308,Charles,Nelson,cnelson8j@alexa.com,Male,94.52.87.93
309,Christina,Bailey,cbailey8k@nytimes.com,Female,119.192.70.193
310,Willie,Ruiz,wruiz8l@who.int,Male,80.49.144.167
311,Janet,Barnes,jbarnes8m@diigo.com,Female,97.177.200.113
312,James,Jenkins,jjenkins8n@howstuffworks.com,Male,217.182.240.167
313,Edward,Rice,erice8o@ifeng.com,Male,98.106.175.55
314,Sarah,Armstrong,sarmstrong8p@t.co,Female,175.114.229.17
315,Andrea,Crawford,acrawford8q@blinklist.com,Female,197.121.59.22
316,Carlos,Gomez,cgomez8r@blogtalkradio.com,Male,113.204.175.246
317,Robert,Berry,rberry8s@meetup.com,Male,4.191.235.54
318,Susan,Jordan,sjordan8t@gizmodo.com,Female,77.15.76.166
319,Brenda,Bennett,bbennett8u@people.com.cn,Female,87.50.112.0
320,Earl,Holmes,eholmes8v@indiegogo.com,Male,51.10.230.70
321,Phyllis,Gordon,pgordon8w@jalbum.net,Female,79.34.32.22
322,Sarah,Watson,swatson8x@goo.ne.jp,Female,244.185.165.113
323,Mildred,Jackson,mjackson8y@google.de,Female,140.112.17.98
324,Diane,Graham,dgraham8z@merriam-webster.com,Female,96.242.117.141
325,Ruby,Hall,rhall90@gnu.org,Female,187.90.70.9
326,Kenneth,Ramirez,kramirez91@japanpost.jp,Male,43.101.48.229
327,Judy,Garrett,jgarrett92@w3.org,Female,33.54.14.45
328,Marie,Burns,mburns93@microsoft.com,Female,229.122.212.199
329,Antonio,Sullivan,asullivan94@trellian.com,Male,251.174.221.88
330,Brandon,Carter,bcarter95@gizmodo.com,Male,45.62.63.100
331,Bobby,Brown,bbrown96@lulu.com,Male,177.222.83.43
332,Dorothy,Coleman,dcoleman97@spiegel.de,Female,134.134.0.206
333,Lori,Simmons,lsimmons98@mapquest.com,Female,15.62.12.118
334,Janice,Howard,jhoward99@home.pl,Female,200.186.174.168
335,Frank,Reynolds,freynolds9a@google.ru,Male,206.30.56.151
336,Susan,Gilbert,sgilbert9b@hugedomains.com,Female,151.179.81.52
337,David,Gordon,dgordon9c@cnbc.com,Male,116.224.62.46
338,Eugene,Owens,eowens9d@smugmug.com,Male,135.68.156.23
339,Jimmy,Bell,jbell9e@hp.com,Male,61.167.59.105
340,Brian,Green,bgreen9f@army.mil,Male,143.31.143.239
341,Bruce,Davis,bdavis9g@goodreads.com,Male,114.254.25.28
342,Jason,Barnes,jbarnes9h@w3.org,Male,225.253.200.25
343,Jessica,Cruz,jcruz9i@youtube.com,Female,4.44.116.104
344,Timothy,Larson,tlarson9j@reddit.com,Male,96.53.135.208
345,Diane,Johnston,djohnston9k@usa.gov,Female,216.94.84.248
346,Christopher,Robinson,crobinson9l@purevolume.com,Male,107.9.254.240
347,Janice,Hughes,jhughes9m@goo.ne.jp,Female,11.36.223.36
348,Jimmy,Henderson,jhenderson9n@nature.com,Male,28.50.202.21
349,Jeremy,Austin,jaustin9o@cnbc.com,Male,163.66.253.20
350,Carlos,Knight,cknight9p@abc.net.au,Male,22.82.15.33
351,Shirley,Kelley,skelley9q@nationalgeographic.com,Female,43.151.240.73
352,Phillip,Palmer,ppalmer9r@abc.net.au,Male,22.136.195.27
353,Patrick,Jenkins,pjenkins9s@nyu.edu,Male,197.54.225.87
354,Pamela,Olson,polson9t@digg.com,Female,117.114.38.108
355,Dorothy,Moreno,dmoreno9u@washingtonpost.com,Female,16.173.69.241
356,Johnny,Mccoy,jmccoy9v@arstechnica.com,Male,232.114.48.158
357,Catherine,Elliott,celliott9w@census.gov,Female,200.34.188.20
358,Henry,Black,hblack9x@house.gov,Male,90.203.144.147
359,Carl,Robinson,crobinson9y@technorati.com,Male,254.16.11.167
360,Keith,Jackson,kjackson9z@accuweather.com,Male,108.157.63.162
361,Johnny,Flores,jfloresa0@constantcontact.com,Male,50.166.199.153
362,Aaron,Oliver,aolivera1@symantec.com,Male,65.158.60.136
363,Douglas,Garza,dgarzaa2@symantec.com,Male,182.134.163.59
364,Christina,Jones,cjonesa3@reverbnation.com,Female,108.14.227.247
365,Ryan,Cunningham,rcunninghama4@princeton.edu,Male,79.4.223.9
366,Lois,Edwards,ledwardsa5@merriam-webster.com,Female,41.119.181.143
367,Catherine,Torres,ctorresa6@wisc.edu,Female,37.43.106.111
368,Norma,Nichols,nnicholsa7@shutterfly.com,Female,202.197.189.158
369,Linda,Fisher,lfishera8@a8.net,Female,247.51.14.99
370,Daniel,Ross,drossa9@marketwatch.com,Male,182.4.135.137
371,Sarah,Nelson,snelsonaa@npr.org,Female,145.227.121.52
372,Adam,Johnson,ajohnsonab@jigsy.com,Male,152.21.58.21
373,Rachel,Bell,rbellac@ustream.tv,Female,135.62.225.252
374,Edward,Garcia,egarciaad@squidoo.com,Male,209.185.69.183
375,Betty,Bishop,bbishopae@ibm.com,Female,68.89.88.92
376,Pamela,Murphy,pmurphyaf@nbcnews.com,Female,176.152.167.46
377,Katherine,Williamson,kwilliamsonag@bizjournals.com,Female,42.24.198.231
378,Irene,Gray,igrayah@google.de,Female,130.196.167.248
379,Donna,Harrison,dharrisonai@state.tx.us,Female,247.156.91.203
380,Annie,Parker,aparkeraj@wired.com,Female,29.54.249.139
381,Norma,Bryant,nbryantak@nationalgeographic.com,Female,243.148.37.162
382,Randy,Robinson,rrobinsonal@biglobe.ne.jp,Male,128.225.56.68
383,Julie,Hunter,jhunteram@kickstarter.com,Female,94.253.98.121
384,Paul,Gray,pgrayan@twitpic.com,Male,37.65.80.148
385,Catherine,Ruiz,cruizao@wufoo.com,Female,5.9.247.6
386,Benjamin,Kelley,bkelleyap@myspace.com,Male,198.157.230.174
387,Teresa,Griffin,tgriffinaq@booking.com,Female,115.184.96.81
388,Laura,Torres,ltorresar@yellowbook.com,Female,67.77.145.141
389,Betty,Richards,brichardsas@networkadvertising.org,Female,151.245.211.20
390,Dennis,Hunt,dhuntat@time.com,Male,158.37.147.147
391,Mark,Castillo,mcastilloau@parallels.com,Male,50.117.211.54
392,Ruby,Bell,rbellav@samsung.com,Female,64.156.211.1
393,Betty,Walker,bwalkeraw@discuz.net,Female,228.181.87.52
394,Daniel,Ellis,dellisax@youku.com,Male,174.28.35.145
395,Phillip,Williamson,pwilliamsonay@fda.gov,Male,56.190.198.156
396,Russell,Morales,rmoralesaz@imdb.com,Male,9.138.167.5
397,Russell,Mitchell,rmitchellb0@uiuc.edu,Male,191.216.7.169
398,Scott,Brooks,sbrooksb1@aol.com,Male,249.158.106.37
399,Brenda,Payne,bpayneb2@dell.com,Female,31.88.19.70
400,Annie,Schmidt,aschmidtb3@cbc.ca,Female,106.128.8.71
401,Joseph,Jackson,jjacksonb4@epa.gov,Male,234.157.149.234
402,Denise,Hill,dhillb5@cmu.edu,Female,111.235.250.173
403,Alice,Kelley,akelleyb6@msu.edu,Female,108.233.49.0
404,Christina,West,cwestb7@bbc.co.uk,Female,242.141.135.60
405,Harry,Evans,hevansb8@google.ca,Male,17.238.73.188
406,Anne,Hawkins,ahawkinsb9@blogs.com,Female,135.129.247.88
407,Eugene,Burton,eburtonba@wired.com,Male,131.141.2.4
408,Kathy,Young,kyoungbb@usnews.com,Female,123.243.170.214
409,Rebecca,Murray,rmurraybc@hostgator.com,Female,216.174.248.232
410,Kenneth,Perez,kperezbd@yahoo.co.jp,Male,134.246.93.90
411,Anne,Butler,abutlerbe@tuttocitta.it,Female,211.137.6.173
412,Bonnie,Reed,breedbf@umn.edu,Female,168.205.7.230
413,William,Hawkins,whawkinsbg@utexas.edu,Male,27.220.91.163
414,Teresa,Wagner,twagnerbh@disqus.com,Female,90.164.228.0
415,Justin,Day,jdaybi@sun.com,Male,33.52.133.210
416,Christina,Knight,cknightbj@fda.gov,Female,109.114.110.40
417,Cynthia,Powell,cpowellbk@parallels.com,Female,175.99.151.136
418,Susan,Warren,swarrenbl@geocities.jp,Female,244.52.139.151
419,Patrick,Day,pdaybm@uiuc.edu,Male,146.199.177.100
420,Elizabeth,Oliver,eoliverbn@walmart.com,Female,123.106.89.232
421,Sandra,Burns,sburnsbo@squarespace.com,Female,104.21.195.104
422,Mary,Williams,mwilliamsbp@istockphoto.com,Female,57.59.106.116
423,Aaron,Barnes,abarnesbq@marriott.com,Male,3.196.150.85
424,Jeffrey,Clark,jclarkbr@dmoz.org,Male,236.59.86.70
425,Lawrence,Nichols,lnicholsbs@sun.com,Male,222.142.234.200
426,Gregory,Pierce,gpiercebt@auda.org.au,Male,42.32.40.195
427,Ernest,Gomez,egomezbu@cmu.edu,Male,4.20.112.96
428,Paul,Schmidt,pschmidtbv@dropbox.com,Male,99.213.235.137
429,Donna,Ross,drossbw@ning.com,Female,220.120.224.10
430,Kathleen,Ellis,kellisbx@indiegogo.com,Female,83.219.117.123
431,Kathleen,Dunn,kdunnby@domainmarket.com,Female,3.236.71.136
432,Matthew,Black,mblackbz@youtube.com,Male,109.72.135.138
433,Judy,Robertson,jrobertsonc0@msn.com,Female,77.128.9.75
434,Andrea,Perez,aperezc1@ucoz.com,Female,122.247.48.140
435,Charles,Kim,ckimc2@archive.org,Male,102.135.56.237
436,Paula,Reed,preedc3@java.com,Female,182.234.36.244
437,Jesse,James,jjamesc4@infoseek.co.jp,Male,68.246.87.57
438,Charles,Watkins,cwatkinsc5@wufoo.com,Male,250.78.196.163
439,Stephen,Sanchez,ssanchezc6@mysql.com,Male,132.161.104.58
440,Joshua,Frazier,jfrazierc7@pen.io,Male,162.57.78.161
441,Laura,Jordan,ljordanc8@squidoo.com,Female,234.83.65.16
442,Albert,Gonzales,agonzalesc9@artisteer.com,Male,190.188.206.32
443,George,Wagner,gwagnerca@forbes.com,Male,150.238.42.88
444,Ashley,Wagner,awagnercb@timesonline.co.uk,Female,111.173.219.202
445,Marilyn,Brown,mbrowncc@rediff.com,Female,143.45.217.189
446,Anne,Gomez,agomezcd@example.com,Female,8.235.184.75
447,Catherine,Fields,cfieldsce@exblog.jp,Female,58.163.213.247
448,Roy,Pierce,rpiercecf@yellowpages.com,Male,1.59.9.68
449,Phyllis,Nelson,pnelsoncg@hibu.com,Female,201.115.105.156
450,Steve,Young,syoungch@umn.edu,Male,102.186.177.97
451,Stephanie,Mendoza,smendozaci@yelp.com,Female,96.144.118.92
452,Cheryl,Matthews,cmatthewscj@mozilla.org,Female,197.7.175.126
453,Joseph,Wilson,jwilsonck@samsung.com,Male,96.92.56.150
454,Carolyn,Rose,crosecl@qq.com,Female,26.86.219.26
455,Paula,Hunter,phuntercm@wisc.edu,Female,112.216.228.225
456,Kenneth,Elliott,kelliottcn@photobucket.com,Male,79.23.23.236
457,Brian,Collins,bcollinsco@dropbox.com,Male,28.10.170.8
458,Louise,Lynch,llynchcp@clickbank.net,Female,50.51.250.121
459,Linda,Mitchell,lmitchellcq@shutterfly.com,Female,133.182.156.239
460,Harry,Carroll,hcarrollcr@adobe.com,Male,45.110.190.95
461,Shirley,Cooper,scoopercs@tinyurl.com,Female,85.28.203.240
462,Doris,Shaw,dshawct@who.int,Female,108.11.191.60
463,Paul,Austin,paustincu@opera.com,Male,151.225.246.147
464,Donna,Powell,dpowellcv@blinklist.com,Female,252.190.148.110
465,Charles,Campbell,ccampbellcw@comsenz.com,Male,39.221.204.213
466,Richard,Allen,rallencx@simplemachines.org,Male,5.220.76.220
467,Jack,Morales,jmoralescy@purevolume.com,Male,224.73.202.112
468,George,Johnston,gjohnstoncz@mozilla.com,Male,222.169.195.13
469,Michelle,Ellis,mellisd0@wufoo.com,Female,92.83.187.43
470,Ann,Harrison,aharrisond1@wisc.edu,Female,141.131.81.196
471,Theresa,Gordon,tgordond2@bigcartel.com,Female,142.53.39.214
472,Eugene,Weaver,eweaverd3@smugmug.com,Male,201.171.4.82
473,Peter,Spencer,pspencerd4@indiatimes.com,Male,25.239.143.56
474,Roger,Burton,rburtond5@ustream.tv,Male,195.88.197.11
475,Jacqueline,Cooper,jcooperd6@wunderground.com,Female,23.190.46.217
476,Jonathan,Rodriguez,jrodriguezd7@youtu.be,Male,199.247.128.185
477,Jacqueline,Banks,jbanksd8@theatlantic.com,Female,151.76.200.103
478,Marilyn,Coleman,mcolemand9@pagesperso-orange.fr,Female,65.40.20.245
479,Matthew,Griffin,mgriffinda@lycos.com,Male,141.209.100.97
480,Chris,Reid,creiddb@slideshare.net,Male,41.248.151.92
481,Diane,Holmes,dholmesdc@bluehost.com,Female,179.181.130.53
482,Raymond,Wright,rwrightdd@sourceforge.net,Male,72.133.82.176
483,Terry,Reyes,treyesde@barnesandnoble.com,Male,237.156.142.183
484,Terry,Shaw,tshawdf@163.com,Male,208.157.25.228
485,Eugene,Morgan,emorgandg@github.io,Male,92.89.99.46
486,Gloria,Fernandez,gfernandezdh@theatlantic.com,Female,139.36.155.99
487,Alice,Phillips,aphillipsdi@creativecommons.org,Female,16.222.17.116
488,Peter,Howell,phowelldj@accuweather.com,Male,90.24.24.175
489,Keith,Richards,krichardsdk@pbs.org,Male,144.60.50.134
490,Ruth,James,rjamesdl@nationalgeographic.com,Female,213.126.116.20
491,Joshua,Rose,jrosedm@blogger.com,Male,219.118.247.102
492,Jessica,Marshall,jmarshalldn@microsoft.com,Female,251.135.188.56
493,Ruth,Mcdonald,rmcdonalddo@wisc.edu,Female,202.208.214.180
494,Margaret,Ward,mwarddp@wufoo.com,Female,29.202.90.238
495,Terry,Austin,taustindq@fda.gov,Male,98.208.188.157
496,Gregory,Mason,gmasondr@reverbnation.com,Male,168.4.68.99
497,Martin,Cruz,mcruzds@yahoo.com,Male,77.63.76.97
498,Bruce,Warren,bwarrendt@state.gov,Male,100.140.103.220
499,Frances,Vasquez,fvasquezdu@imageshack.us,Female,38.73.87.49
500,Donna,Hunt,dhuntdv@hhs.gov,Female,160.125.193.141
501,Raymond,Stevens,rstevensdw@google.nl,Male,18.78.106.129
502,Martha,Green,mgreendx@smugmug.com,Female,75.227.92.170
503,Paula,Vasquez,pvasquezdy@senate.gov,Female,155.63.80.107
504,Jerry,Clark,jclarkdz@huffingtonpost.com,Male,45.20.215.61
505,Willie,Hawkins,whawkinse0@opera.com,Male,115.49.29.198
506,Janet,Marshall,jmarshalle1@bbc.co.uk,Female,150.176.253.103
507,Rose,Hunter,rhuntere2@w3.org,Female,109.18.106.152
508,Earl,Tucker,etuckere3@twitpic.com,Male,242.131.35.166
509,Nancy,Harper,nharpere4@squarespace.com,Female,50.130.236.203
510,Theresa,Gonzales,tgonzalese5@phpbb.com,Female,148.180.134.25
511,Harry,Wells,hwellse6@cafepress.com,Male,251.12.113.83
512,Alan,White,awhitee7@irs.gov,Male,125.147.184.218
513,Jean,Graham,jgrahame8@smh.com.au,Female,14.161.140.39
514,Patrick,Riley,prileye9@w3.org,Male,151.54.234.8
515,Joyce,Hunter,jhunterea@npr.org,Female,43.217.78.83
516,Bruce,Murphy,bmurphyeb@howstuffworks.com,Male,137.254.4.22
517,Theresa,Green,tgreenec@google.com.br,Female,127.232.139.154
518,Robert,Sims,rsimsed@nyu.edu,Male,234.0.44.239
519,Norma,Pierce,npierceee@altervista.org,Female,194.35.232.205
520,Tammy,Gilbert,tgilbertef@jimdo.com,Female,147.79.158.154
521,Jacqueline,Gilbert,jgilberteg@slashdot.org,Female,42.196.87.162
522,Gary,Sanders,gsanderseh@csmonitor.com,Male,142.103.219.219
523,Jonathan,Jackson,jjacksonei@163.com,Male,127.180.60.42
524,Cheryl,Kelly,ckellyej@google.com.br,Female,89.104.248.24
525,Eugene,Rodriguez,erodriguezek@ocn.ne.jp,Male,91.126.118.237
526,John,Spencer,jspencerel@biblegateway.com,Male,125.45.114.86
527,Jonathan,Carter,jcarterem@github.io,Male,164.203.213.164
528,Shawn,Robinson,srobinsonen@e-recht24.de,Male,227.120.108.128
529,Brian,Smith,bsmitheo@deviantart.com,Male,255.194.132.243
530,Larry,Torres,ltorresep@wp.com,Male,83.113.139.172
531,Rebecca,Peters,rpeterseq@google.it,Female,111.28.138.247
532,Sean,Patterson,spattersoner@ucoz.ru,Male,26.212.148.178
533,Kathleen,Young,kyounges@feedburner.com,Female,222.156.192.122
534,Theresa,Collins,tcollinset@berkeley.edu,Female,43.210.94.116
535,Kathleen,Wheeler,kwheelereu@va.gov,Female,35.196.88.110
536,Thomas,Mason,tmasonev@wikispaces.com,Male,69.30.1.184
537,Jennifer,Palmer,jpalmerew@woothemes.com,Female,49.183.167.233
538,Diane,Carpenter,dcarpenterex@360.cn,Female,246.107.165.142
539,Kathleen,Simpson,ksimpsoney@google.cn,Female,35.1.216.190
540,Ruby,Stephens,rstephensez@typepad.com,Female,167.53.147.242
541,Roy,Reynolds,rreynoldsf0@phpbb.com,Male,131.138.5.85
542,Andrew,Carr,acarrf1@odnoklassniki.ru,Male,171.114.178.211
543,Jonathan,Owens,jowensf2@home.pl,Male,198.48.248.52
544,Virginia,Bowman,vbowmanf3@paypal.com,Female,105.203.55.197
545,Ruth,Freeman,rfreemanf4@deviantart.com,Female,55.164.21.243
546,Carolyn,Elliott,celliottf5@sakura.ne.jp,Female,231.111.113.253
547,Cheryl,Stanley,cstanleyf6@plala.or.jp,Female,18.224.10.229
548,Doris,Oliver,doliverf7@xinhuanet.com,Female,248.224.125.35
549,Anna,Kim,akimf8@bloglovin.com,Female,215.174.228.105
550,Ruby,Webb,rwebbf9@princeton.edu,Female,48.250.64.208
551,Samuel,Warren,swarrenfa@360.cn,Male,37.237.242.255
552,Kenneth,Bailey,kbaileyfb@linkedin.com,Male,25.47.170.164
553,Scott,Matthews,smatthewsfc@seesaa.net,Male,148.199.95.67
554,Timothy,Thompson,tthompsonfd@tamu.edu,Male,149.12.103.238
555,Antonio,Burns,aburnsfe@altervista.org,Male,1.171.141.181
556,Sharon,Lee,sleeff@mlb.com,Female,136.104.10.229
557,Benjamin,Shaw,bshawfg@google.nl,Male,116.90.20.76
558,Earl,Nichols,enicholsfh@wisc.edu,Male,140.177.99.156
559,Kenneth,Howard,khowardfi@yelp.com,Male,253.155.241.12
560,Nicholas,Walker,nwalkerfj@yandex.ru,Male,50.68.97.84
561,Ashley,Edwards,aedwardsfk@bloglines.com,Female,22.252.188.24
562,Kelly,Crawford,kcrawfordfl@privacy.gov.au,Female,174.2.35.37
563,Christopher,Mills,cmillsfm@arizona.edu,Male,160.217.178.75
564,Sandra,Chavez,schavezfn@feedburner.com,Female,4.239.161.179
565,Willie,Carr,wcarrfo@state.tx.us,Male,184.191.160.63
566,Margaret,Chapman,mchapmanfp@lycos.com,Female,137.105.130.152
567,Douglas,Scott,dscottfq@sfgate.com,Male,23.103.73.225
568,Terry,Gomez,tgomezfr@dailymail.co.uk,Male,172.4.13.205
569,Frances,Rodriguez,frodriguezfs@vimeo.com,Female,202.2.221.219
570,Jessica,Wagner,jwagnerft@furl.net,Female,2.17.67.62
571,Andrew,King,akingfu@gov.uk,Male,92.60.206.249
572,Brenda,Kelly,bkellyfv@dropbox.com,Female,96.16.125.169
573,Aaron,Taylor,ataylorfw@macromedia.com,Male,97.167.79.178
574,Timothy,Wallace,twallacefx@pbs.org,Male,197.184.126.88
575,Louis,Rogers,lrogersfy@simplemachines.org,Male,231.109.14.91
576,Evelyn,Graham,egrahamfz@independent.co.uk,Female,117.93.36.132
577,Jesse,Armstrong,jarmstrongg0@netlog.com,Male,52.159.8.111
578,Andrea,Ruiz,aruizg1@bbb.org,Female,17.160.224.7
579,Daniel,Day,ddayg2@comsenz.com,Male,230.127.223.111
580,Patrick,Payne,ppayneg3@cpanel.net,Male,95.215.134.14
581,Anthony,Duncan,aduncang4@godaddy.com,Male,58.135.181.65
582,Adam,Dunn,adunng5@answers.com,Male,15.226.232.141
583,Ann,Mason,amasong6@shop-pro.jp,Female,52.17.200.122
584,Julia,Wallace,jwallaceg7@cornell.edu,Female,30.10.153.48
585,Walter,Carr,wcarrg8@reuters.com,Male,162.2.122.201
586,Catherine,Berry,cberryg9@list-manage.com,Female,109.187.48.191
587,Carl,Reyes,creyesga@joomla.org,Male,162.211.164.51
588,Judy,Ramirez,jramirezgb@creativecommons.org,Female,228.64.54.248
589,Patrick,Peters,ppetersgc@facebook.com,Male,161.185.52.133
590,Jane,Johnston,jjohnstongd@chron.com,Female,212.198.140.205
591,Jane,Peters,jpetersge@lycos.com,Female,106.183.250.96
592,Eugene,Perkins,eperkinsgf@barnesandnoble.com,Male,145.23.136.64
593,Paula,Gardner,pgardnergg@fastcompany.com,Female,175.205.219.240
594,Martha,Lawson,mlawsongh@sohu.com,Female,26.216.179.34
595,Martin,Rogers,mrogersgi@princeton.edu,Male,75.31.37.58
596,Sandra,Reed,sreedgj@jimdo.com,Female,245.163.40.90
597,Phyllis,Foster,pfostergk@skyrock.com,Female,155.208.111.206
598,Theresa,Lawrence,tlawrencegl@diigo.com,Female,40.88.6.151
599,Lawrence,Perry,lperrygm@gov.uk,Male,166.221.2.42
600,Julia,Willis,jwillisgn@trellian.com,Female,128.147.152.236
601,Joyce,Morrison,jmorrisongo@weibo.com,Female,76.117.33.93
602,Julie,Ortiz,jortizgp@unc.edu,Female,86.194.17.29
603,Ronald,Burns,rburnsgq@feedburner.com,Male,227.213.134.239
604,Doris,Bradley,dbradleygr@bluehost.com,Female,154.240.33.102
605,Bruce,Jordan,bjordangs@about.com,Male,168.120.218.178
606,Martin,Fisher,mfishergt@epa.gov,Male,248.149.186.169
607,Keith,Martin,kmartingu@java.com,Male,50.182.67.90
608,Gloria,Graham,ggrahamgv@ow.ly,Female,43.111.13.119
609,Anne,Taylor,ataylorgw@upenn.edu,Female,92.204.47.0
610,Benjamin,Ward,bwardgx@hatena.ne.jp,Male,241.94.35.108
611,Cynthia,Reynolds,creynoldsgy@homestead.com,Female,174.235.114.252
612,Dennis,Burke,dburkegz@123-reg.co.uk,Male,100.232.60.62
613,Carol,Rice,criceh0@taobao.com,Female,61.93.72.60
614,Justin,Frazier,jfrazierh1@moonfruit.com,Male,202.240.190.3
615,Bonnie,Medina,bmedinah2@etsy.com,Female,65.172.207.79
616,Henry,Stanley,hstanleyh3@free.fr,Male,156.118.210.129
617,Roy,White,rwhiteh4@paypal.com,Male,240.223.197.210
618,Timothy,George,tgeorgeh5@shareasale.com,Male,219.187.50.124
619,Michelle,Pierce,mpierceh6@rakuten.co.jp,Female,161.33.36.161
620,Christine,Nguyen,cnguyenh7@epa.gov,Female,77.222.250.71
621,Willie,Mccoy,wmccoyh8@state.tx.us,Male,157.234.104.102
622,Linda,Dixon,ldixonh9@columbia.edu,Female,121.91.113.111
623,Lawrence,Hawkins,lhawkinsha@delicious.com,Male,182.143.83.83
624,Carlos,Edwards,cedwardshb@mapy.cz,Male,137.8.67.195
625,David,Barnes,dbarneshc@nasa.gov,Male,198.93.243.121
626,Brian,Sullivan,bsullivanhd@slate.com,Male,166.161.202.248
627,Louis,Evans,levanshe@netscape.com,Male,153.91.169.101
628,Nancy,Wilson,nwilsonhf@kickstarter.com,Female,10.236.203.88
629,Roger,Lane,rlanehg@yelp.com,Male,191.200.112.92
630,Gregory,Lee,gleehh@opera.com,Male,228.222.180.105
631,Keith,Dean,kdeanhi@scientificamerican.com,Male,68.20.12.129
632,Kathy,Collins,kcollinshj@cafepress.com,Female,75.133.44.100
633,Steve,Boyd,sboydhk@sogou.com,Male,196.54.212.65
634,Alice,Cruz,acruzhl@altervista.org,Female,254.210.30.20
635,Eric,Spencer,espencerhm@smh.com.au,Male,118.3.38.254
636,Carlos,Ortiz,cortizhn@hostgator.com,Male,78.138.49.75
637,Jonathan,Gilbert,jgilbertho@paypal.com,Male,28.31.222.7
638,Cynthia,Lee,cleehp@biglobe.ne.jp,Female,92.150.135.2
639,Emily,Austin,eaustinhq@typepad.com,Female,117.101.226.114
640,Edward,Ryan,eryanhr@psu.edu,Male,33.19.38.134
641,Jennifer,Nguyen,jnguyenhs@example.com,Female,132.137.134.60
642,Sharon,Wheeler,swheelerht@ow.ly,Female,78.102.92.104
643,Pamela,Lawrence,plawrencehu@gnu.org,Female,82.107.2.136
644,Arthur,Kim,akimhv@adobe.com,Male,122.183.108.203
645,Dennis,Fowler,dfowlerhw@bbc.co.uk,Male,84.45.179.243
646,Jose,Garza,jgarzahx@nasa.gov,Male,165.238.150.193
647,Jose,Garrett,jgarretthy@imdb.com,Male,78.178.232.68
648,Ralph,Elliott,relliotthz@miitbeian.gov.cn,Male,216.116.186.237
649,Judy,Ray,jrayi0@goo.ne.jp,Female,106.70.140.194
650,Mary,Dean,mdeani1@360.cn,Female,6.248.121.7
651,Lisa,Adams,ladamsi2@samsung.com,Female,230.17.185.67
652,Mildred,Griffin,mgriffini3@psu.edu,Female,249.11.140.221
653,Melissa,Peters,mpetersi4@merriam-webster.com,Female,124.79.98.238
654,Billy,Jenkins,bjenkinsi5@mozilla.com,Male,195.15.138.7
655,Rachel,Banks,rbanksi6@china.com.cn,Female,238.92.68.221
656,Eugene,Gordon,egordoni7@google.nl,Male,207.225.120.146
657,Rebecca,Johnston,rjohnstoni8@fotki.com,Female,180.15.6.102
658,Margaret,Medina,mmedinai9@printfriendly.com,Female,203.51.222.201
659,Kenneth,Peters,kpetersia@bluehost.com,Male,197.35.62.68
660,Cheryl,Chavez,cchavezib@mail.ru,Female,177.231.113.240
661,Paula,Murphy,pmurphyic@free.fr,Female,214.38.233.97
662,Brenda,Campbell,bcampbellid@cnn.com,Female,227.174.109.67
663,Kathy,Washington,kwashingtonie@sohu.com,Female,79.234.186.112
664,Sandra,Knight,sknightif@nih.gov,Female,74.219.74.185
665,Wanda,Willis,wwillisig@dell.com,Female,220.242.202.37
666,Larry,Hall,lhallih@irs.gov,Male,120.52.29.62
667,William,Lewis,wlewisii@economist.com,Male,158.4.197.134
668,Carlos,Owens,cowensij@vinaora.com,Male,69.214.0.40
669,Robert,Hart,rhartik@accuweather.com,Male,50.16.218.240
670,Emily,West,ewestil@networksolutions.com,Female,180.6.69.114
671,Cheryl,Williams,cwilliamsim@ow.ly,Female,32.109.205.216
672,Bobby,Marshall,bmarshallin@drupal.org,Male,92.163.12.67
673,David,Burns,dburnsio@webs.com,Male,60.29.155.229
674,Marie,Evans,mevansip@accuweather.com,Female,142.106.129.156
675,Emily,Jordan,ejordaniq@livejournal.com,Female,160.99.238.2
676,Betty,King,bkingir@unblog.fr,Female,61.238.233.224
677,Matthew,Nichols,mnicholsis@nps.gov,Male,58.210.17.34
678,Mary,Fuller,mfullerit@shinystat.com,Female,234.245.18.138
679,Cheryl,Frazier,cfrazieriu@blogspot.com,Female,27.105.227.67
680,Kevin,Hunter,khunteriv@google.it,Male,140.81.139.5
681,Matthew,Clark,mclarkiw@nydailynews.com,Male,81.125.246.29
682,Sharon,Fuller,sfullerix@meetup.com,Female,175.15.79.178
683,Theresa,Robertson,trobertsoniy@ebay.co.uk,Female,202.211.151.244
684,Albert,Gutierrez,agutierreziz@trellian.com,Male,187.32.229.189
685,Raymond,Fisher,rfisherj0@foxnews.com,Male,240.120.194.148
686,Marie,Hayes,mhayesj1@paypal.com,Female,36.31.2.205
687,Roy,Barnes,rbarnesj2@digg.com,Male,117.222.207.142
688,Pamela,Olson,polsonj3@alibaba.com,Female,65.223.2.228
689,Dennis,Johnston,djohnstonj4@lycos.com,Male,30.64.87.11
690,Evelyn,Alexander,ealexanderj5@cisco.com,Female,119.96.46.122
691,Craig,Woods,cwoodsj6@google.com,Male,161.101.110.227
692,Helen,Kennedy,hkennedyj7@mozilla.com,Female,185.162.5.118
693,Evelyn,Dixon,edixonj8@spiegel.de,Female,26.217.6.180
694,Melissa,Porter,mporterj9@csmonitor.com,Female,50.150.30.101
695,Ruby,Hart,rhartja@mit.edu,Female,38.34.126.104
696,Carolyn,Perry,cperryjb@scribd.com,Female,159.29.143.37
697,Wanda,Watson,wwatsonjc@yale.edu,Female,127.246.74.90
698,Ann,Clark,aclarkjd@example.com,Female,155.28.24.23
699,Joyce,Jackson,jjacksonje@whitehouse.gov,Female,213.101.64.149
700,Ronald,Gonzales,rgonzalesjf@sohu.com,Male,23.85.137.19
701,Marie,Henderson,mhendersonjg@vk.com,Female,148.40.77.95
702,Betty,Mendoza,bmendozajh@oracle.com,Female,197.253.131.0
703,Victor,Wright,vwrightji@cocolog-nifty.com,Male,109.253.133.211
704,Arthur,Fowler,afowlerjj@arstechnica.com,Male,63.5.246.218
705,Jonathan,Ray,jrayjk@paginegialle.it,Male,191.165.81.161
706,George,Greene,ggreenejl@cdbaby.com,Male,80.221.238.185
707,Julia,Williamson,jwilliamsonjm@wired.com,Female,163.119.202.165
708,Bruce,Dixon,bdixonjn@devhub.com,Male,125.254.54.112
709,Chris,Jenkins,cjenkinsjo@tuttocitta.it,Male,34.138.173.247
710,Martin,Harper,mharperjp@mayoclinic.com,Male,118.183.23.36
711,Joshua,Richards,jrichardsjq@marketwatch.com,Male,118.185.9.170
712,Earl,Dean,edeanjr@tumblr.com,Male,252.205.32.99
713,Willie,Armstrong,warmstrongjs@homestead.com,Male,140.0.20.80
714,Linda,Martinez,lmartinezjt@360.cn,Female,219.63.95.228
715,Christopher,Kim,ckimju@dropbox.com,Male,202.4.68.245
716,Theresa,Little,tlittlejv@de.vu,Female,146.78.235.7
717,Maria,Lawson,mlawsonjw@bigcartel.com,Female,21.154.230.155
718,Deborah,Spencer,dspencerjx@wordpress.org,Female,147.32.95.150
719,Christopher,Castillo,ccastillojy@1und1.de,Male,67.93.203.127
720,Cheryl,Franklin,cfranklinjz@printfriendly.com,Female,130.113.211.38
721,Walter,Elliott,welliottk0@surveymonkey.com,Male,61.101.157.173
722,Alan,Carter,acarterk1@xrea.com,Male,7.100.248.158
723,Jose,Morales,jmoralesk2@ucla.edu,Male,4.52.253.168
724,Kevin,Woods,kwoodsk3@columbia.edu,Male,105.0.148.47
725,Beverly,Hughes,bhughesk4@archive.org,Female,45.126.15.250
726,Jack,Olson,jolsonk5@columbia.edu,Male,6.124.65.79
727,Jacqueline,Washington,jwashingtonk6@t-online.de,Female,82.170.178.224
728,Mark,Crawford,mcrawfordk7@hugedomains.com,Male,39.199.92.163
729,Christina,Ramos,cramosk8@eventbrite.com,Female,160.168.179.43
730,Alice,Hughes,ahughesk9@twitter.com,Female,166.219.70.106
731,Christopher,Coleman,ccolemanka@freewebs.com,Male,115.222.172.5
732,Doris,Brooks,dbrookskb@storify.com,Female,234.157.248.255
733,Joe,Morgan,jmorgankc@yolasite.com,Male,157.221.140.184
734,Denise,Fernandez,dfernandezkd@princeton.edu,Female,113.48.92.241
735,Bonnie,Mendoza,bmendozake@ibm.com,Female,1.113.91.217
736,Gerald,Dean,gdeankf@addtoany.com,Male,33.95.116.55
737,Benjamin,Lane,blanekg@sina.com.cn,Male,201.59.54.40
738,Nicole,Thomas,nthomaskh@51.la,Female,160.220.190.132
739,Stephanie,Carroll,scarrollki@taobao.com,Female,51.12.216.125
740,Kevin,Duncan,kduncankj@npr.org,Male,151.191.131.140
741,Amy,Martinez,amartinezkk@homestead.com,Female,106.103.201.195
742,Susan,Ellis,selliskl@reference.com,Female,116.50.202.127
743,Stephen,Hamilton,shamiltonkm@ucoz.com,Male,231.59.37.25
744,Norma,Gilbert,ngilbertkn@dion.ne.jp,Female,28.75.242.41
745,Amanda,Frazier,afrazierko@upenn.edu,Female,27.66.177.208
746,Ann,Sims,asimskp@imgur.com,Female,126.120.146.156
747,Tina,Stevens,tstevenskq@foxnews.com,Female,160.207.87.26
748,Gloria,Ward,gwardkr@blinklist.com,Female,93.186.38.210
749,Irene,Barnes,ibarnesks@lulu.com,Female,207.145.207.224
750,Kimberly,Lynch,klynchkt@hud.gov,Female,109.129.139.25
751,Lisa,Jacobs,ljacobsku@tripadvisor.com,Female,170.187.231.27
752,Michelle,Hanson,mhansonkv@mit.edu,Female,111.160.144.3
753,Debra,Ramirez,dramirezkw@scribd.com,Female,210.20.129.131
754,Stephen,Foster,sfosterkx@unblog.fr,Male,38.173.220.183
755,Sarah,Cooper,scooperky@arizona.edu,Female,252.60.68.238
756,Amy,Freeman,afreemankz@newsvine.com,Female,161.249.211.212
757,Tina,Castillo,tcastillol0@hc360.com,Female,77.208.55.61
758,Aaron,Burns,aburnsl1@usnews.com,Male,183.144.244.198
759,Amanda,Nelson,anelsonl2@skyrock.com,Female,209.111.24.51
760,Andrew,Robertson,arobertsonl3@hubpages.com,Male,217.76.72.228
761,Anthony,Fields,afieldsl4@imdb.com,Male,40.212.185.131
762,Maria,Medina,mmedinal5@hp.com,Female,109.233.14.213
763,Andrea,Hunt,ahuntl6@ca.gov,Female,175.73.158.7
764,Rachel,Hamilton,rhamiltonl7@washington.edu,Female,51.246.5.51
765,David,Franklin,dfranklinl8@ebay.co.uk,Male,9.164.110.226
766,Victor,Shaw,vshawl9@stumbleupon.com,Male,118.88.243.78
767,Kelly,Young,kyoungla@tripadvisor.com,Female,155.224.124.75
768,Keith,Wallace,kwallacelb@eepurl.com,Male,239.64.14.73
769,Patricia,Hamilton,phamiltonlc@nih.gov,Female,121.228.15.76
770,Debra,Larson,dlarsonld@example.com,Female,54.124.223.96
771,Jane,Collins,jcollinsle@creativecommons.org,Female,106.186.4.185
772,Louis,Garrett,lgarrettlf@cargocollective.com,Male,17.2.48.15
773,Chris,Garrett,cgarrettlg@nhs.uk,Male,32.219.251.221
774,Aaron,Miller,amillerlh@vk.com,Male,78.225.84.2
775,Fred,Banks,fbanksli@unc.edu,Male,33.178.47.96
776,Justin,Dixon,jdixonlj@smh.com.au,Male,74.121.217.152
777,Dorothy,Stephens,dstephenslk@biglobe.ne.jp,Female,29.20.105.253
778,Eugene,Torres,etorresll@shinystat.com,Male,180.58.183.179
779,Johnny,Phillips,jphillipslm@unblog.fr,Male,9.73.115.112
780,Catherine,Hansen,chansenln@sun.com,Female,47.211.199.66
781,Christina,Green,cgreenlo@hostgator.com,Female,227.23.117.98
782,Susan,Campbell,scampbelllp@usa.gov,Female,212.14.115.106
783,Phyllis,Alexander,palexanderlq@usda.gov,Female,98.43.97.56
784,Chris,Thomas,cthomaslr@adobe.com,Male,227.252.23.64
785,Alice,West,awestls@ox.ac.uk,Female,247.108.254.20
786,Lisa,Hunter,lhunterlt@cam.ac.uk,Female,13.135.165.217
787,Ann,Adams,aadamslu@ucla.edu,Female,120.103.111.66
788,Andrea,Simmons,asimmonslv@twitpic.com,Female,16.203.20.63
789,Evelyn,Wilson,ewilsonlw@imdb.com,Female,202.13.40.57
790,Jeremy,Banks,jbankslx@state.gov,Male,124.159.214.80
791,Anthony,Williams,awilliamsly@wikimedia.org,Male,247.170.142.113
792,Rose,Elliott,relliottlz@gizmodo.com,Female,244.85.52.189
793,Nancy,Butler,nbutlerm0@indiegogo.com,Female,42.162.230.196
794,Cynthia,Moreno,cmorenom1@blogtalkradio.com,Female,73.213.77.8
795,Randy,Ramos,rramosm2@live.com,Male,87.18.7.198
796,Irene,Ward,iwardm3@mail.ru,Female,203.226.101.136
797,Emily,Garcia,egarciam4@youtu.be,Female,25.210.243.213
798,Nicole,Evans,nevansm5@cdbaby.com,Female,110.121.113.67
799,Doris,Ruiz,druizm6@businessinsider.com,Female,168.45.101.174
800,Brenda,Williamson,bwilliamsonm7@photobucket.com,Female,43.224.69.196
801,Marilyn,Bishop,mbishopm8@csmonitor.com,Female,65.151.137.245
802,Lisa,Wheeler,lwheelerm9@nature.com,Female,181.57.53.151
803,Anne,Howard,ahowardma@cbc.ca,Female,52.185.134.252
804,Tammy,Cooper,tcoopermb@wp.com,Female,102.84.157.232
805,Doris,Clark,dclarkmc@sun.com,Female,90.59.12.207
806,Joe,Mccoy,jmccoymd@nytimes.com,Male,57.255.194.129
807,Earl,Mason,emasonme@about.com,Male,111.136.157.199
808,Charles,Lane,clanemf@youku.com,Male,137.122.193.8
809,Jennifer,Moreno,jmorenomg@ocn.ne.jp,Female,195.175.48.49
810,Antonio,Cunningham,acunninghammh@google.pl,Male,33.12.254.27
811,Amy,Mason,amasonmi@lulu.com,Female,142.152.180.28
812,Diana,West,dwestmj@google.co.jp,Female,84.33.80.177
813,Kathleen,Sullivan,ksullivanmk@phpbb.com,Female,103.82.99.83
814,Ralph,Martinez,rmartinezml@theguardian.com,Male,140.141.239.92
815,Brandon,Murphy,bmurphymm@about.me,Male,175.155.90.217
816,Anna,Thompson,athompsonmn@fotki.com,Female,145.15.201.247
817,Kathryn,Edwards,kedwardsmo@bravesites.com,Female,165.194.108.48
818,Carl,Lopez,clopezmp@answers.com,Male,186.169.8.204
819,Larry,Dixon,ldixonmq@usatoday.com,Male,184.242.1.197
820,Barbara,Campbell,bcampbellmr@sina.com.cn,Female,164.116.57.244
821,Terry,Davis,tdavisms@nih.gov,Male,41.138.64.218
822,Antonio,Payne,apaynemt@skyrock.com,Male,129.126.87.159
823,Jane,Crawford,jcrawfordmu@gov.uk,Female,210.110.93.108
824,Janice,Williamson,jwilliamsonmv@ed.gov,Female,81.226.128.247
825,Jacqueline,Duncan,jduncanmw@jigsy.com,Female,192.36.167.233
826,Thomas,Parker,tparkermx@goo.gl,Male,3.191.183.194
827,Harold,Diaz,hdiazmy@reference.com,Male,26.128.241.58
828,Karen,Hunt,khuntmz@bloomberg.com,Female,101.6.213.95
829,John,Fowler,jfowlern0@ca.gov,Male,177.224.130.142
830,Tina,Dixon,tdixonn1@cocolog-nifty.com,Female,159.178.47.38
831,Carol,Rogers,crogersn2@cargocollective.com,Female,128.241.39.177
832,Deborah,Fernandez,dfernandezn3@sakura.ne.jp,Female,217.204.234.169
833,Brandon,Medina,bmedinan4@newyorker.com,Male,161.249.240.51
834,Terry,Watson,twatsonn5@lycos.com,Male,63.117.81.42
835,Teresa,Coleman,tcolemann6@desdev.cn,Female,73.1.69.234
836,David,Hernandez,dhernandezn7@delicious.com,Male,213.64.123.101
837,Amanda,Fisher,afishern8@cpanel.net,Female,229.231.222.143
838,Brian,Mason,bmasonn9@mapquest.com,Male,73.114.30.13
839,Nicole,Alvarez,nalvarezna@uiuc.edu,Female,19.249.58.25
840,Joe,King,jkingnb@usgs.gov,Male,168.88.233.151
841,Jerry,Payne,jpaynenc@samsung.com,Male,71.113.139.236
842,Ashley,Ray,araynd@ox.ac.uk,Female,155.51.27.131
843,Ruby,Welch,rwelchne@nbcnews.com,Female,210.191.144.242
844,Kathleen,Ellis,kellisnf@google.com,Female,95.67.153.84
845,Fred,Daniels,fdanielsng@dmoz.org,Male,171.189.99.30
846,Catherine,George,cgeorgenh@lycos.com,Female,233.125.227.175
847,Janet,Brooks,jbrooksni@friendfeed.com,Female,10.162.38.228
848,Dorothy,Stanley,dstanleynj@xing.com,Female,57.168.160.149
849,Melissa,Gardner,mgardnernk@wikia.com,Female,248.215.56.11
850,Alan,Perez,apereznl@mac.com,Male,233.0.156.154
851,Patricia,Johnson,pjohnsonnm@amazon.de,Female,7.112.47.66
852,Patricia,Ortiz,portiznn@acquirethisname.com,Female,218.28.71.78
853,Kathy,Perez,kperezno@virginia.edu,Female,210.135.46.123
854,Mary,Walker,mwalkernp@mtv.com,Female,236.95.13.166
855,Raymond,Stephens,rstephensnq@dmoz.org,Male,32.230.14.14
856,Brian,Williamson,bwilliamsonnr@tripod.com,Male,227.138.94.189
857,Benjamin,Rogers,brogersns@so-net.ne.jp,Male,182.181.78.142
858,Robert,Collins,rcollinsnt@harvard.edu,Male,9.25.39.73
859,Bruce,Morrison,bmorrisonnu@army.mil,Male,114.95.153.71
860,Benjamin,Campbell,bcampbellnv@prlog.org,Male,4.178.63.110
861,Evelyn,Schmidt,eschmidtnw@unesco.org,Female,40.76.98.151
862,Michael,Hicks,mhicksnx@time.com,Male,21.53.52.220
863,Juan,Ray,jrayny@ftc.gov,Male,173.234.245.90
864,Denise,Reynolds,dreynoldsnz@house.gov,Female,154.146.84.126
865,Rose,Foster,rfostero0@microsoft.com,Female,204.150.143.224
866,Kenneth,Garcia,kgarciao1@diigo.com,Male,232.197.126.91
867,Bobby,Martin,bmartino2@livejournal.com,Male,150.22.157.135
868,Marie,Willis,mwilliso3@ycombinator.com,Female,227.5.19.234
869,Amanda,Clark,aclarko4@addtoany.com,Female,4.71.135.33
870,Walter,Snyder,wsnydero5@photobucket.com,Male,209.118.149.107
871,Jimmy,Rivera,jriverao6@tamu.edu,Male,45.132.242.162
872,Alice,Franklin,afranklino7@gnu.org,Female,188.21.17.24
873,Joe,Lane,jlaneo8@hibu.com,Male,50.230.75.191
874,Wanda,Knight,wknighto9@flavors.me,Female,108.55.108.2
875,Fred,Garcia,fgarciaoa@youtube.com,Male,228.248.5.16
876,Lois,Peterson,lpetersonob@discuz.net,Female,178.102.231.200
877,Laura,Knight,lknightoc@apple.com,Female,187.172.44.178
878,Sharon,Davis,sdavisod@bloomberg.com,Female,251.112.8.159
879,Harold,Morgan,hmorganoe@tumblr.com,Male,30.124.169.166
880,Kevin,Wagner,kwagnerof@mapquest.com,Male,215.44.218.21
881,Bobby,Lawson,blawsonog@w3.org,Male,72.208.107.205
882,Brenda,Fisher,bfisheroh@nhs.uk,Female,97.139.91.99
883,Mildred,Scott,mscottoi@state.gov,Female,61.69.228.42
884,Janet,Freeman,jfreemanoj@fda.gov,Female,125.202.14.92
885,Willie,Carter,wcarterok@usa.gov,Male,180.54.49.132
886,Mark,Ross,mrossol@bbb.org,Male,69.57.183.190
887,Louise,Torres,ltorresom@blinklist.com,Female,195.2.230.131
888,Mark,Torres,mtorreson@creativecommons.org,Male,23.226.163.133
889,Christopher,Gomez,cgomezoo@gravatar.com,Male,57.200.210.213
890,Phyllis,Hansen,phansenop@typepad.com,Female,63.9.29.136
891,Carl,Price,cpriceoq@canalblog.com,Male,0.29.160.191
892,Jose,Grant,jgrantor@sciencedirect.com,Male,20.170.179.143
893,Patricia,Spencer,pspenceros@pcworld.com,Female,60.138.219.204
894,Antonio,Alexander,aalexanderot@qq.com,Male,43.95.17.69
895,Janet,Fernandez,jfernandezou@icio.us,Female,136.117.132.33
896,Raymond,Moreno,rmorenoov@domainmarket.com,Male,172.59.104.143
897,Wayne,Morales,wmoralesow@elegantthemes.com,Male,140.119.62.201
898,Matthew,Bennett,mbennettox@photobucket.com,Male,197.128.45.223
899,Heather,Owens,howensoy@pbs.org,Female,17.234.241.44
900,Charles,George,cgeorgeoz@themeforest.net,Male,189.83.15.103
901,Shawn,Stanley,sstanleyp0@bravesites.com,Male,105.118.118.157
902,Marie,Carter,mcarterp1@ycombinator.com,Female,125.229.55.159
903,Phyllis,Kim,pkimp2@microsoft.com,Female,183.182.180.209
904,Christina,Watkins,cwatkinsp3@salon.com,Female,126.195.104.8
905,Joan,Walker,jwalkerp4@amazon.com,Female,241.12.158.8
906,Larry,Edwards,ledwardsp5@redcross.org,Male,70.110.3.52
907,Katherine,Ford,kfordp6@nationalgeographic.com,Female,136.135.131.233
908,Scott,Alexander,salexanderp7@shop-pro.jp,Male,62.223.34.78
909,Dorothy,Robinson,drobinsonp8@illinois.edu,Female,162.8.212.12
910,Wayne,Oliver,woliverp9@mlb.com,Male,236.105.190.64
911,Billy,Stanley,bstanleypa@earthlink.net,Male,54.150.36.121
912,Jacqueline,Griffin,jgriffinpb@sourceforge.net,Female,182.165.248.89
913,Scott,Wheeler,swheelerpc@whitehouse.gov,Male,125.161.241.78
914,Maria,Meyer,mmeyerpd@miibeian.gov.cn,Female,54.237.147.186
915,Antonio,Martin,amartinpe@e-recht24.de,Male,84.254.92.45
916,Craig,Grant,cgrantpf@clickbank.net,Male,74.118.56.106
917,Susan,Robinson,srobinsonpg@usatoday.com,Female,93.75.117.104
918,Phillip,Reynolds,preynoldsph@freewebs.com,Male,220.173.248.113
919,Jeremy,Nichols,jnicholspi@artisteer.com,Male,62.241.172.177
920,Juan,Duncan,jduncanpj@purevolume.com,Male,112.145.138.61
921,Christine,Bradley,cbradleypk@time.com,Female,111.206.214.57
922,Peter,Hill,phillpl@xinhuanet.com,Male,115.44.79.110
923,Margaret,Davis,mdavispm@ifeng.com,Female,53.250.78.59
924,Sarah,Morgan,smorganpn@lycos.com,Female,94.148.196.208
925,Robin,Young,ryoungpo@hao123.com,Female,16.75.51.189
926,Samuel,Lawson,slawsonpp@google.ca,Male,226.136.50.17
927,Wayne,Wood,wwoodpq@woothemes.com,Male,145.0.222.41
928,Craig,Olson,colsonpr@cisco.com,Male,227.178.173.202
929,Peter,Long,plongps@dyndns.org,Male,21.16.93.155
930,Rachel,Alvarez,ralvarezpt@webeden.co.uk,Female,248.24.153.206
931,Heather,Cook,hcookpu@dagondesign.com,Female,75.253.103.77
932,Louise,Stewart,lstewartpv@pbs.org,Female,100.229.72.209
933,Elizabeth,Reyes,ereyespw@furl.net,Female,16.68.164.135
934,Randy,Romero,rromeropx@home.pl,Male,188.194.166.25
935,Frances,Kelly,fkellypy@ezinearticles.com,Female,115.191.44.232
936,Matthew,Gardner,mgardnerpz@usa.gov,Male,6.3.47.153
937,Joan,Wells,jwellsq0@icq.com,Female,204.6.228.126
938,Phillip,Howell,phowellq1@discovery.com,Male,244.79.90.6
939,Jean,Berry,jberryq2@howstuffworks.com,Female,99.251.56.185
940,Alan,Lynch,alynchq3@hubpages.com,Male,134.115.113.13
941,Jeremy,West,jwestq4@amazon.com,Male,110.198.140.48
942,Lisa,Allen,lallenq5@wiley.com,Female,126.76.198.6
943,David,Simpson,dsimpsonq6@photobucket.com,Male,229.60.149.65
944,Julie,Williamson,jwilliamsonq7@yellowbook.com,Female,179.104.214.25
945,Michael,Stewart,mstewartq8@istockphoto.com,Male,97.11.10.187
946,Lillian,Tucker,ltuckerq9@irs.gov,Female,178.9.167.73
947,Brenda,Wallace,bwallaceqa@webnode.com,Female,244.238.35.53
948,Philip,Perry,pperryqb@nih.gov,Male,9.93.239.16
949,Jean,Matthews,jmatthewsqc@4shared.com,Female,209.254.198.2
950,Louise,Andrews,landrewsqd@bloomberg.com,Female,89.118.1.20
951,Steven,Armstrong,sarmstrongqe@hostgator.com,Male,73.242.219.138
952,Clarence,Chavez,cchavezqf@nasa.gov,Male,82.181.154.117
953,Antonio,Gonzalez,agonzalezqg@thetimes.co.uk,Male,139.144.7.61
954,Eugene,Harvey,eharveyqh@mit.edu,Male,248.63.46.9
955,Donald,Matthews,dmatthewsqi@bbb.org,Male,215.148.224.72
956,Michael,Morris,mmorrisqj@accuweather.com,Male,134.246.212.33
957,Sarah,Evans,sevansqk@rambler.ru,Female,28.53.54.24
958,Brandon,Anderson,bandersonql@spotify.com,Male,124.210.135.20
959,Ronald,Dunn,rdunnqm@weather.com,Male,248.140.94.48
960,Justin,Mendoza,jmendozaqn@tripod.com,Male,239.185.12.210
961,Sara,Austin,saustinqo@sogou.com,Female,238.148.69.17
962,Katherine,Wilson,kwilsonqp@issuu.com,Female,63.118.19.241
963,George,Rice,griceqq@dropbox.com,Male,90.90.61.251
964,Carolyn,Campbell,ccampbellqr@e-recht24.de,Female,64.218.123.233
965,Jimmy,Chapman,jchapmanqs@t.co,Male,48.100.169.159
966,Annie,Butler,abutlerqt@java.com,Female,67.172.130.131
967,Diane,Collins,dcollinsqu@sphinn.com,Female,199.119.9.100
968,John,Barnes,jbarnesqv@msu.edu,Male,243.235.18.236
969,Terry,Henderson,thendersonqw@utexas.edu,Male,85.175.243.176
970,Jason,Hayes,jhayesqx@go.com,Male,142.65.193.12
971,Eric,Myers,emyersqy@icq.com,Male,20.251.222.87
972,Elizabeth,Howell,ehowellqz@flavors.me,Female,245.161.245.101
973,Terry,Robinson,trobinsonr0@google.co.jp,Male,215.194.123.204
974,Cynthia,Ferguson,cfergusonr1@fotki.com,Female,204.145.183.64
975,Justin,George,jgeorger2@mayoclinic.com,Male,177.148.201.102
976,Jesse,Wheeler,jwheelerr3@princeton.edu,Male,235.116.206.132
977,Edward,Price,epricer4@columbia.edu,Male,41.196.168.232
978,Ruby,Fields,rfieldsr5@lulu.com,Female,173.196.195.120
979,Frances,Welch,fwelchr6@g.co,Female,50.36.122.221
980,Benjamin,Phillips,bphillipsr7@meetup.com,Male,133.120.80.86
981,Julie,Watson,jwatsonr8@webnode.com,Female,15.9.49.202
982,Debra,Bishop,dbishopr9@ehow.com,Female,126.169.39.61
983,Joan,Morrison,jmorrisonra@si.edu,Female,196.203.141.92
984,Wanda,Fox,wfoxrb@exblog.jp,Female,111.166.216.104
985,Janice,Nichols,jnicholsrc@stumbleupon.com,Female,56.240.7.195
986,Gregory,Bowman,gbowmanrd@ameblo.jp,Male,101.54.237.3
987,Willie,Knight,wknightre@blinklist.com,Male,25.20.44.191
988,Dennis,Long,dlongrf@ebay.com,Male,81.125.224.168
989,Wanda,Ray,wrayrg@foxnews.com,Female,189.221.14.114
990,Irene,Day,idayrh@github.com,Female,197.24.49.2
991,Emily,Reid,ereidri@google.ru,Female,165.224.227.27
992,Robin,Olson,rolsonrj@wordpress.com,Female,182.31.62.134
993,Anthony,Hughes,ahughesrk@biglobe.ne.jp,Male,123.45.130.77
994,Bobby,Kelly,bkellyrl@youtube.com,Male,252.158.58.252
995,Edward,Wallace,ewallacerm@bloomberg.com,Male,132.5.213.181
996,Bonnie,Burns,bburnsrn@shop-pro.jp,Female,202.229.165.104
997,Debra,Bradley,dbradleyro@epa.gov,Female,21.120.137.97
998,Phyllis,Scott,pscottrp@macromedia.com,Female,161.110.118.81
999,Helen,Mitchell,hmitchellrq@cargocollective.com,Female,166.29.99.127
1000,Arthur,Murray,amurrayrr@sfgate.com,Male,237.230.165.82
